{
    "side_camera": {
        "matrix": [
            [
                577.8858685036519,
                0.0,
                335.6190347547976
            ],
            [
                0.0,
                578.6156409206756,
                272.4135125001715
            ],
            [
                0.0,
                0.0,
                1.0
            ]
        ],
        "distortion": [
            [
                0.12421347351708031,
                -0.24995221584570013,
                0.01517166291650587,
                0.012634024171985734,
                -2.572302892508183
            ]
        ]
    },
    "top_camera": {
        "matrix": [
            [
                587.4174517303443,
                0.0,
                331.0613996799605
            ],
            [
                0.0,
                588.7955507659499,
                229.9914960504888
            ],
            [
                0.0,
                0.0,
                1.0
            ]
        ],
        "distortion": [
            [
                0.24470970668284586,
                -1.7468494149921867,
                -0.020415928679493836,
                0.004203667353671521,
                3.624409090629669
            ]
        ]
    },
    "stereo": {
        "R": [
            [
                0.9998060778530568,
                -0.0196176326571768,
                -0.0017190628306248436
            ],
            [
                -0.0007642184377291035,
                0.04857684224080318,
                -0.9988191559877552
            ],
            [
                0.019677973937044443,
                0.9986267765721287,
                0.048552429958682905
            ]
        ],
        "T": [
            [
                -17.465121483704962
            ],
            [
                625.5638012555759
            ],
            [
                430.14682741128195
            ]
        ],
        "E": [
            [
                12.638554313504052,
                603.8095878125237,
                460.01153375089604
            ],
            [
                430.4070906203732,
                9.002675520908362,
                0.10852466484353884
            ],
            [
                -625.4291434123313,
                11.423680405628643,
                18.51988137850065
            ]
        ],
        "F": [
            [
                9.779186183099025e-08,
                4.666134205245844e-06,
                0.0007529750701007509
            ],
            [
                3.3225158254222096e-06,
                6.94082578096666e-08,
                -0.0011335231758580649
            ],
            [
                -0.0036392205561486626,
                -0.0015088829051529582,
                1.0
            ]
        ],
        "error": 1383.7069945125272
    }
}