{
    "camera_matrix": [
        [
            552.5820207056802,
            0.0,
            342.87419744166914
        ],
        [
            0.0,
            552.1556691187744,
            256.41549282006275
        ],
        [
            0.0,
            0.0,
            1.0
        ]
    ],
    "dist_coeffs": [
        [
            0.05349568294589421,
            -0.15042236077771629,
            0.0020329066111614696,
            0.011184150644943476,
            -0.574460869858236
        ]
    ]
}