{
    "camera_matrix": [
        [
            594.1158382268018,
            0.0,
            334.2408549693884
        ],
        [
            0.0,
            594.8603944167646,
            254.05946645219512
        ],
        [
            0.0,
            0.0,
            1.0
        ]
    ],
    "dist_coeffs": [
        [
            0.22270852156187335,
            -1.364135708352463,
            -0.004782994567797038,
            0.006063747367454879,
            2.2092141993988483
        ]
    ]
}